canonical_composer,canonical_title,split,year,midi_filename,audio_filename,duration,melody_filename
Alban Berg,Sonata Op. 1,train,2018,2018/MIDI-Unprocessed_Chamber3_MID--AUDIO_10_R3_2018_wav--1.midi,2018/MIDI-Unprocessed_Chamber3_MID--AUDIO_10_R3_2018_wav--1.wav,698.661160312,2018-melody/MIDI-Unprocessed_Chamber3_MID--AUDIO_10_R3_2018-melody_wav--1-melody.midi
Alexander Scriabin,"Sonata No. 2 in G-sharp Minor, Op. 19",train,2018,2018/MIDI-Unprocessed_Recital1-3_MID--AUDIO_01_R1_2018_wav--4.midi,2018/MIDI-Unprocessed_Recital1-3_MID--AUDIO_01_R1_2018_wav--4.wav,701.147803125,2018-melody/MIDI-Unprocessed_Recital1-3_MID--AUDIO_01_R1_2018-melody_wav--4-melody.midi
Alexander Scriabin,"Sonata No. 2 in G-sharp Minor, Op. 19",train,2018,2018/MIDI-Unprocessed_Recital17-19_MID--AUDIO_18_R1_2018_wav--2.midi,2018/MIDI-Unprocessed_Recital17-19_MID--AUDIO_18_R1_2018_wav--2.wav,685.005992344,2018-melody/MIDI-Unprocessed_Recital17-19_MID--AUDIO_18_R1_2018-melody_wav--2-melody.midi
Alexander Scriabin,"Sonata No. 3 in F-sharp Minor, Op. 23",train,2018,2018/MIDI-Unprocessed_Recital5-7_MID--AUDIO_07_R1_2018_wav--2.midi,2018/MIDI-Unprocessed_Recital5-7_MID--AUDIO_07_R1_2018_wav--2.wav,1120.09102734,2018-melody/MIDI-Unprocessed_Recital5-7_MID--AUDIO_07_R1_2018-melody_wav--2-melody.midi
Alexander Scriabin,"Sonata No. 3 in F-sharp Minor, Op. 23",train,2018,2018/MIDI-Unprocessed_Recital9-11_MID--AUDIO_11_R1_2018_wav--2.midi,2018/MIDI-Unprocessed_Recital9-11_MID--AUDIO_11_R1_2018_wav--2.wav,1195.01082422,2018-melody/MIDI-Unprocessed_Recital9-11_MID--AUDIO_11_R1_2018-melody_wav--2-melody.midi
Alexander Scriabin,"Sonata No. 3 in F-sharp Minor, Op. 23",train,2018,2018/MIDI-Unprocessed_Chamber6_MID--AUDIO_20_R3_2018_wav--2.midi,2018/MIDI-Unprocessed_Chamber6_MID--AUDIO_20_R3_2018_wav--2.wav,1117.95828375,2018-melody/MIDI-Unprocessed_Chamber6_MID--AUDIO_20_R3_2018-melody_wav--2-melody.midi
Alexander Scriabin,"Sonata No. 5, Op. 53",train,2018,2018/MIDI-Unprocessed_Recital12_MID--AUDIO_12_R1_2018_wav--2.midi,2018/MIDI-Unprocessed_Recital12_MID--AUDIO_12_R1_2018_wav--2.wav,701.4883476560001,2018-melody/MIDI-Unprocessed_Recital12_MID--AUDIO_12_R1_2018-melody_wav--2-melody.midi
Alexander Scriabin,"Sonata No. 9, Op. 68, ""Black Mass""",test,2018,2018/MIDI-Unprocessed_Recital13-15_MID--AUDIO_15_R1_2018_wav--1.midi,2018/MIDI-Unprocessed_Recital13-15_MID--AUDIO_15_R1_2018_wav--1.wav,520.215825937,2018-melody/MIDI-Unprocessed_Recital13-15_MID--AUDIO_15_R1_2018-melody_wav--1-melody.midi
Claude Debussy,"Images, Book II",train,2018,2018/MIDI-Unprocessed_Recital20_MID--AUDIO_20_R1_2018_wav--3.midi,2018/MIDI-Unprocessed_Recital20_MID--AUDIO_20_R1_2018_wav--3.wav,845.710959844,2018-melody/MIDI-Unprocessed_Recital20_MID--AUDIO_20_R1_2018-melody_wav--3-melody.midi
Claude Debussy,"L'isle joyeuse, L. 106",train,2018,2018/MIDI-Unprocessed_Recital1-3_MID--AUDIO_02_R1_2018_wav--4.midi,2018/MIDI-Unprocessed_Recital1-3_MID--AUDIO_02_R1_2018_wav--4.wav,349.685814844,2018-melody/MIDI-Unprocessed_Recital1-3_MID--AUDIO_02_R1_2018-melody_wav--4-melody.midi
Claude Debussy,"Prelude No. 6, Book I, ""Des pas sur la neige""",test,2018,2018/MIDI-Unprocessed_Recital16_MID--AUDIO_16_R1_2018_wav--3.midi,2018/MIDI-Unprocessed_Recital16_MID--AUDIO_16_R1_2018_wav--3.wav,247.761504375,2018-melody/MIDI-Unprocessed_Recital16_MID--AUDIO_16_R1_2018-melody_wav--3-melody.midi
Claude Debussy,"Prelude No. 7, Book II, La terrasse des audiences du clair de lune",train,2018,2018/MIDI-Unprocessed_Recital9-11_MID--AUDIO_10_R1_2018_wav--3.midi,2018/MIDI-Unprocessed_Recital9-11_MID--AUDIO_10_R1_2018_wav--3.wav,297.192544688,2018-melody/MIDI-Unprocessed_Recital9-11_MID--AUDIO_10_R1_2018-melody_wav--3-melody.midi
César Franck,"Prelude, Choral et Fugue",validation,2018,2018/MIDI-Unprocessed_Recital8_MID--AUDIO_08_R1_2018_wav--2.midi,2018/MIDI-Unprocessed_Recital8_MID--AUDIO_08_R1_2018_wav--2.wav,1054.57827234,2018-melody/MIDI-Unprocessed_Recital8_MID--AUDIO_08_R1_2018-melody_wav--2-melody.midi
César Franck,"Prelude, Choral et Fugue",validation,2018,2018/MIDI-Unprocessed_Recital9-11_MID--AUDIO_10_R1_2018_wav--5.midi,2018/MIDI-Unprocessed_Recital9-11_MID--AUDIO_10_R1_2018_wav--5.wav,1021.9006875,2018-melody/MIDI-Unprocessed_Recital9-11_MID--AUDIO_10_R1_2018-melody_wav--5-melody.midi
César Franck,"Prelude, Fugue et Variation, Op. 18, Arrangement Delle Vigne",train,2018,2018/MIDI-Unprocessed_Recital1-3_MID--AUDIO_01_R1_2018_wav--2.midi,2018/MIDI-Unprocessed_Recital1-3_MID--AUDIO_01_R1_2018_wav--2.wav,632.269666875,2018-melody/MIDI-Unprocessed_Recital1-3_MID--AUDIO_01_R1_2018-melody_wav--2-melody.midi
Domenico Scarlatti,"Sonata in B Minor, K. 87",train,2018,2018/MIDI-Unprocessed_Recital5-7_MID--AUDIO_07_R1_2018_wav--3.midi,2018/MIDI-Unprocessed_Recital5-7_MID--AUDIO_07_R1_2018_wav--3.wav,294.075560625,2018-melody/MIDI-Unprocessed_Recital5-7_MID--AUDIO_07_R1_2018-melody_wav--3-melody.midi
Domenico Scarlatti,"Sonata in D Major, K96",test,2018,2018/MIDI-Unprocessed_Recital17-19_MID--AUDIO_18_R1_2018_wav--3.midi,2018/MIDI-Unprocessed_Recital17-19_MID--AUDIO_18_R1_2018_wav--3.wav,140.121387656,2018-melody/MIDI-Unprocessed_Recital17-19_MID--AUDIO_18_R1_2018-melody_wav--3-melody.midi
Domenico Scarlatti,"Sonata in D Minor, K. 141",train,2018,2018/MIDI-Unprocessed_Recital9-11_MID--AUDIO_09_R1_2018_wav--6.midi,2018/MIDI-Unprocessed_Recital9-11_MID--AUDIO_09_R1_2018_wav--6.wav,194.77277531200002,2018-melody/MIDI-Unprocessed_Recital9-11_MID--AUDIO_09_R1_2018-melody_wav--6-melody.midi
Domenico Scarlatti,"Sonata in D Minor, K. 213",test,2018,2018/MIDI-Unprocessed_Recital9-11_MID--AUDIO_09_R1_2018_wav--5.midi,2018/MIDI-Unprocessed_Recital9-11_MID--AUDIO_09_R1_2018_wav--5.wav,214.695298125,2018-melody/MIDI-Unprocessed_Recital9-11_MID--AUDIO_09_R1_2018-melody_wav--5-melody.midi
Franz Liszt,"Grandes Etudes de Paganini, S. 141",train,2018,2018/MIDI-Unprocessed_Recital1-3_MID--AUDIO_01_R1_2018_wav--3.midi,2018/MIDI-Unprocessed_Recital1-3_MID--AUDIO_01_R1_2018_wav--3.wav,1610.85576094,2018-melody/MIDI-Unprocessed_Recital1-3_MID--AUDIO_01_R1_2018-melody_wav--3-melody.midi
Franz Liszt,"Rhapsodie Espagnole, S. 254",train,2018,2018/MIDI-Unprocessed_Recital1-3_MID--AUDIO_02_R1_2018_wav--2.midi,2018/MIDI-Unprocessed_Recital1-3_MID--AUDIO_02_R1_2018_wav--2.wav,794.9791729689999,2018-melody/MIDI-Unprocessed_Recital1-3_MID--AUDIO_02_R1_2018-melody_wav--2-melody.midi
Franz Liszt,"Sonata In B Minor, S. 178",train,2018,2018/MIDI-Unprocessed_Recital4_MID--AUDIO_04_R1_2018_wav--5.midi,2018/MIDI-Unprocessed_Recital4_MID--AUDIO_04_R1_2018_wav--5.wav,1700.13318234,2018-melody/MIDI-Unprocessed_Recital4_MID--AUDIO_04_R1_2018-melody_wav--5-melody.midi
Franz Liszt,"Transcendental Etude No. 10 in F Minor, S. 139/10",test,2018,2018/MIDI-Unprocessed_Recital17-19_MID--AUDIO_19_R1_2018_wav--3.midi,2018/MIDI-Unprocessed_Recital17-19_MID--AUDIO_19_R1_2018_wav--3.wav,235.22412375,2018-melody/MIDI-Unprocessed_Recital17-19_MID--AUDIO_19_R1_2018-melody_wav--3-melody.midi
Franz Liszt,"Transcendental Etude No. 12 ""Chasse-neige""",validation,2018,2018/MIDI-Unprocessed_Recital9-11_MID--AUDIO_09_R1_2018_wav--4.midi,2018/MIDI-Unprocessed_Recital9-11_MID--AUDIO_09_R1_2018_wav--4.wav,269.271899531,2018-melody/MIDI-Unprocessed_Recital9-11_MID--AUDIO_09_R1_2018-melody_wav--4-melody.midi
Franz Liszt,"Venezia e Napoli, S. 162",train,2018,2018/MIDI-Unprocessed_Recital17-19_MID--AUDIO_19_R1_2018_wav--4.midi,2018/MIDI-Unprocessed_Recital17-19_MID--AUDIO_19_R1_2018_wav--4.wav,990.9138060939999,2018-melody/MIDI-Unprocessed_Recital17-19_MID--AUDIO_19_R1_2018-melody_wav--4-melody.midi
Franz Schubert,Impromptu Op. 90 No. 1,train,2018,2018/MIDI-Unprocessed_Recital9-11_MID--AUDIO_11_R1_2018_wav--1.midi,2018/MIDI-Unprocessed_Recital9-11_MID--AUDIO_11_R1_2018_wav--1.wav,566.467115156,2018-melody/MIDI-Unprocessed_Recital9-11_MID--AUDIO_11_R1_2018-melody_wav--1-melody.midi
Franz Schubert,Impromptus Op. 90,train,2018,2018/MIDI-Unprocessed_Recital12_MID--AUDIO_12_R1_2018_wav--3.midi,2018/MIDI-Unprocessed_Recital12_MID--AUDIO_12_R1_2018_wav--3.wav,644.3890457809999,2018-melody/MIDI-Unprocessed_Recital12_MID--AUDIO_12_R1_2018-melody_wav--3-melody.midi
Franz Schubert,"Sonata in A Major, D959",train,2018,2018/MIDI-Unprocessed_Schubert1-3_MID--AUDIO_07_R2_2018_wav.midi,2018/MIDI-Unprocessed_Schubert1-3_MID--AUDIO_07_R2_2018_wav.wav,2244.51297984,2018-melody/MIDI-Unprocessed_Schubert1-3_MID--AUDIO_07_R2_2018-melody_wav-melody.midi
Franz Schubert,"Sonata in A Minor, D784",test,2018,2018/MIDI-Unprocessed_Recital9-11_MID--AUDIO_09_R1_2018_wav--1.midi,2018/MIDI-Unprocessed_Recital9-11_MID--AUDIO_09_R1_2018_wav--1.wav,1371.54510281,2018-melody/MIDI-Unprocessed_Recital9-11_MID--AUDIO_09_R1_2018-melody_wav--1-melody.midi
Franz Schubert,"Sonata in A Minor, D845",train,2018,2018/MIDI-Unprocessed_Schubert1-3_MID--AUDIO_02_R2_2018_wav.midi,2018/MIDI-Unprocessed_Schubert1-3_MID--AUDIO_02_R2_2018_wav.wav,1846.46449969,2018-melody/MIDI-Unprocessed_Schubert1-3_MID--AUDIO_02_R2_2018-melody_wav-melody.midi
Franz Schubert,"Sonata in B-flat Major, D960",train,2018,2018/MIDI-Unprocessed_Schubert4-6_MID--AUDIO_09_R2_2018_wav.midi,2018/MIDI-Unprocessed_Schubert4-6_MID--AUDIO_09_R2_2018_wav.wav,2561.10988547,2018-melody/MIDI-Unprocessed_Schubert4-6_MID--AUDIO_09_R2_2018-melody_wav-melody.midi
Franz Schubert,"Sonata in B-flat Major, D960",train,2018,2018/MIDI-Unprocessed_Schubert4-6_MID--AUDIO_10_R2_2018_wav.midi,2018/MIDI-Unprocessed_Schubert4-6_MID--AUDIO_10_R2_2018_wav.wav,2421.89528109,2018-melody/MIDI-Unprocessed_Schubert4-6_MID--AUDIO_10_R2_2018-melody_wav-melody.midi
Franz Schubert,"Sonata in C Minor, D958",train,2018,2018/MIDI-Unprocessed_Schubert1-3_MID--AUDIO_05_R2_2018_wav.midi,2018/MIDI-Unprocessed_Schubert1-3_MID--AUDIO_05_R2_2018_wav.wav,1743.52523297,2018-melody/MIDI-Unprocessed_Schubert1-3_MID--AUDIO_05_R2_2018-melody_wav-melody.midi
Franz Schubert,"Sonata in C Minor, D958",train,2018,2018/MIDI-Unprocessed_Schubert4-6_MID--AUDIO_08_R2_2018_wav.midi,2018/MIDI-Unprocessed_Schubert4-6_MID--AUDIO_08_R2_2018_wav.wav,1749.02602875,2018-melody/MIDI-Unprocessed_Schubert4-6_MID--AUDIO_08_R2_2018-melody_wav-melody.midi
Franz Schubert,"Sonata in C Minor, D958",train,2018,2018/MIDI-Unprocessed_Schubert7-9_MID--AUDIO_11_R2_2018_wav.midi,2018/MIDI-Unprocessed_Schubert7-9_MID--AUDIO_11_R2_2018_wav.wav,1631.10547359,2018-melody/MIDI-Unprocessed_Schubert7-9_MID--AUDIO_11_R2_2018-melody_wav-melody.midi
Franz Schubert,"Sonata in C Minor, D958",train,2018,2018/MIDI-Unprocessed_Schubert7-9_MID--AUDIO_16_R2_2018_wav.midi,2018/MIDI-Unprocessed_Schubert7-9_MID--AUDIO_16_R2_2018_wav.wav,1758.36229078,2018-melody/MIDI-Unprocessed_Schubert7-9_MID--AUDIO_16_R2_2018-melody_wav-melody.midi
Franz Schubert,"Sonata in D Major, D850",train,2018,2018/MIDI-Unprocessed_Schubert10-12_MID--AUDIO_20_R2_2018_wav.midi,2018/MIDI-Unprocessed_Schubert10-12_MID--AUDIO_20_R2_2018_wav.wav,2346.84060188,2018-melody/MIDI-Unprocessed_Schubert10-12_MID--AUDIO_20_R2_2018-melody_wav-melody.midi
Franz Schubert,Sonata in G Major D894,train,2018,2018/MIDI-Unprocessed_Schubert7-9_MID--AUDIO_15_R2_2018_wav.midi,2018/MIDI-Unprocessed_Schubert7-9_MID--AUDIO_15_R2_2018_wav.wav,2076.61384219,2018-melody/MIDI-Unprocessed_Schubert7-9_MID--AUDIO_15_R2_2018-melody_wav-melody.midi
Franz Schubert,Sonata in G Major D894,train,2018,2018/MIDI-Unprocessed_Schubert10-12_MID--AUDIO_17_R2_2018_wav.midi,2018/MIDI-Unprocessed_Schubert10-12_MID--AUDIO_17_R2_2018_wav.wav,1898.29804828,2018-melody/MIDI-Unprocessed_Schubert10-12_MID--AUDIO_17_R2_2018-melody_wav-melody.midi
Franz Schubert,Sonata in G Major D894,train,2018,2018/MIDI-Unprocessed_Schubert10-12_MID--AUDIO_18_R2_2018_wav.midi,2018/MIDI-Unprocessed_Schubert10-12_MID--AUDIO_18_R2_2018_wav.wav,1990.15425984,2018-melody/MIDI-Unprocessed_Schubert10-12_MID--AUDIO_18_R2_2018-melody_wav-melody.midi
Franz Schubert / Franz Liszt,Der Mueller und der Bach,validation,2018,2018/MIDI-Unprocessed_Recital9-11_MID--AUDIO_09_R1_2018_wav--3.midi,2018/MIDI-Unprocessed_Recital9-11_MID--AUDIO_09_R1_2018_wav--3.wav,301.624965469,2018-melody/MIDI-Unprocessed_Recital9-11_MID--AUDIO_09_R1_2018-melody_wav--3-melody.midi
Franz Schubert / Franz Liszt,Gretchen am Spinnrade,test,2018,2018/MIDI-Unprocessed_Recital9-11_MID--AUDIO_09_R1_2018_wav--2.midi,2018/MIDI-Unprocessed_Recital9-11_MID--AUDIO_09_R1_2018_wav--2.wav,199.135751719,2018-melody/MIDI-Unprocessed_Recital9-11_MID--AUDIO_09_R1_2018-melody_wav--2-melody.midi
Frédéric Chopin,"Sonata No. 2 in B-flat Minor, Op. 35",test,2018,2018/MIDI-Unprocessed_Recital5-7_MID--AUDIO_06_R1_2018_wav--3.midi,2018/MIDI-Unprocessed_Recital5-7_MID--AUDIO_06_R1_2018_wav--3.wav,1461.01216078,2018-melody/MIDI-Unprocessed_Recital5-7_MID--AUDIO_06_R1_2018-melody_wav--3-melody.midi
Frédéric Chopin,"Sonata No. 3 in B Minor, Op. 58",train,2018,2018/MIDI-Unprocessed_Recital13-15_MID--AUDIO_13_R1_2018_wav--3.midi,2018/MIDI-Unprocessed_Recital13-15_MID--AUDIO_13_R1_2018_wav--3.wav,1639.91556094,2018-melody/MIDI-Unprocessed_Recital13-15_MID--AUDIO_13_R1_2018-melody_wav--3-melody.midi
Frédéric Chopin,"Sonata No. 3 in B Minor, Op. 58",train,2018,2018/MIDI-Unprocessed_Chamber5_MID--AUDIO_18_R3_2018_wav--1.midi,2018/MIDI-Unprocessed_Chamber5_MID--AUDIO_18_R3_2018_wav--1.wav,1607.37152297,2018-melody/MIDI-Unprocessed_Chamber5_MID--AUDIO_18_R3_2018-melody_wav--1-melody.midi
George Frideric Handel,"Chaconne in G Major, HWV 435",train,2018,2018/MIDI-Unprocessed_Recital1-3_MID--AUDIO_01_R1_2018_wav--1.midi,2018/MIDI-Unprocessed_Recital1-3_MID--AUDIO_01_R1_2018_wav--1.wav,328.904585625,2018-melody/MIDI-Unprocessed_Recital1-3_MID--AUDIO_01_R1_2018-melody_wav--1-melody.midi
Johann Sebastian Bach,"Chromatic Fantasy and Fugue in D Minor, BWV 903",train,2018,2018/MIDI-Unprocessed_Recital17-19_MID--AUDIO_19_R1_2018_wav--1.midi,2018/MIDI-Unprocessed_Recital17-19_MID--AUDIO_19_R1_2018_wav--1.wav,636.4563614059999,2018-melody/MIDI-Unprocessed_Recital17-19_MID--AUDIO_19_R1_2018-melody_wav--1-melody.midi
Johann Sebastian Bach,"English Suite in A Minor, BWV 807",train,2018,2018/MIDI-Unprocessed_Recital5-7_MID--AUDIO_06_R1_2018_wav--1.midi,2018/MIDI-Unprocessed_Recital5-7_MID--AUDIO_06_R1_2018_wav--1.wav,1324.77832266,2018-melody/MIDI-Unprocessed_Recital5-7_MID--AUDIO_06_R1_2018-melody_wav--1-melody.midi
Johann Sebastian Bach,"Italian Concerto, BWV 971",train,2018,2018/MIDI-Unprocessed_Recital13-15_MID--AUDIO_14_R1_2018_wav--1.midi,2018/MIDI-Unprocessed_Recital13-15_MID--AUDIO_14_R1_2018_wav--1.wav,732.7890642189999,2018-melody/MIDI-Unprocessed_Recital13-15_MID--AUDIO_14_R1_2018-melody_wav--1-melody.midi
Johann Sebastian Bach,"Partita No. 4 in D Major, BWV 828",train,2018,2018/MIDI-Unprocessed_Chamber4_MID--AUDIO_11_R3_2018_wav--1.midi,2018/MIDI-Unprocessed_Chamber4_MID--AUDIO_11_R3_2018_wav--1.wav,1091.69094891,2018-melody/MIDI-Unprocessed_Chamber4_MID--AUDIO_11_R3_2018-melody_wav--1-melody.midi
Johann Sebastian Bach,"Prelude and Fugue in C-sharp Minor, Book I, BWV 849",validation,2018,2018/MIDI-Unprocessed_Recital4_MID--AUDIO_04_R1_2018_wav--1.midi,2018/MIDI-Unprocessed_Recital4_MID--AUDIO_04_R1_2018_wav--1.wav,454.246340625,2018-melody/MIDI-Unprocessed_Recital4_MID--AUDIO_04_R1_2018-melody_wav--1-melody.midi
Johann Sebastian Bach,"Prelude and Fugue in D Major, Book II",train,2018,2018/MIDI-Unprocessed_Recital17-19_MID--AUDIO_17_R1_2018_wav--1.midi,2018/MIDI-Unprocessed_Recital17-19_MID--AUDIO_17_R1_2018_wav--1.wav,313.28894953099996,2018-melody/MIDI-Unprocessed_Recital17-19_MID--AUDIO_17_R1_2018-melody_wav--1-melody.midi
Johann Sebastian Bach,"Toccata in C Minor, BWV 911",train,2018,2018/MIDI-Unprocessed_Recital8_MID--AUDIO_08_R1_2018_wav--3.midi,2018/MIDI-Unprocessed_Recital8_MID--AUDIO_08_R1_2018_wav--3.wav,621.090457969,2018-melody/MIDI-Unprocessed_Recital8_MID--AUDIO_08_R1_2018-melody_wav--3-melody.midi
Johannes Brahms,Intermezzos Op. 119,validation,2018,2018/MIDI-Unprocessed_Chamber3_MID--AUDIO_10_R3_2018_wav--2.midi,2018/MIDI-Unprocessed_Chamber3_MID--AUDIO_10_R3_2018_wav--2.wav,834.47566125,2018-melody/MIDI-Unprocessed_Chamber3_MID--AUDIO_10_R3_2018-melody_wav--2-melody.midi
Johannes Brahms,"Variations and Fugue on the theme of Handel, Op. 24",train,2018,2018/MIDI-Unprocessed_Recital5-7_MID--AUDIO_05_R1_2018_wav--2.midi,2018/MIDI-Unprocessed_Recital5-7_MID--AUDIO_05_R1_2018_wav--2.wav,1556.83337906,2018-melody/MIDI-Unprocessed_Recital5-7_MID--AUDIO_05_R1_2018-melody_wav--2-melody.midi
Joseph Haydn,"Sonata in C major, Hob. XVI: 50",train,2018,2018/MIDI-Unprocessed_Recital8_MID--AUDIO_08_R1_2018_wav--1.midi,2018/MIDI-Unprocessed_Recital8_MID--AUDIO_08_R1_2018_wav--1.wav,809.5945429689999,2018-melody/MIDI-Unprocessed_Recital8_MID--AUDIO_08_R1_2018-melody_wav--1-melody.midi
Joseph Haydn,"Sonata in F Major, Hob. XVI:23",train,2018,2018/MIDI-Unprocessed_Recital5-7_MID--AUDIO_07_R1_2018_wav--1.midi,2018/MIDI-Unprocessed_Recital5-7_MID--AUDIO_07_R1_2018_wav--1.wav,945.389011875,2018-melody/MIDI-Unprocessed_Recital5-7_MID--AUDIO_07_R1_2018-melody_wav--1-melody.midi
Leoš Janáček,In the Mists,train,2018,2018/MIDI-Unprocessed_Recital9-11_MID--AUDIO_10_R1_2018_wav--1.midi,2018/MIDI-Unprocessed_Recital9-11_MID--AUDIO_10_R1_2018_wav--1.wav,855.3931082810001,2018-melody/MIDI-Unprocessed_Recital9-11_MID--AUDIO_10_R1_2018-melody_wav--1-melody.midi
Leoš Janáček,"Piano Sonata 1. X. 1905 ""From the Street""",train,2018,2018/MIDI-Unprocessed_Recital13-15_MID--AUDIO_14_R1_2018_wav--4.midi,2018/MIDI-Unprocessed_Recital13-15_MID--AUDIO_14_R1_2018_wav--4.wav,837.561929531,2018-melody/MIDI-Unprocessed_Recital13-15_MID--AUDIO_14_R1_2018-melody_wav--4-melody.midi
Ludwig van Beethoven,"Andante favori in F Major, WoO 57",validation,2018,2018/MIDI-Unprocessed_Chamber6_MID--AUDIO_20_R3_2018_wav--1.midi,2018/MIDI-Unprocessed_Chamber6_MID--AUDIO_20_R3_2018_wav--1.wav,524.024582813,2018-melody/MIDI-Unprocessed_Chamber6_MID--AUDIO_20_R3_2018-melody_wav--1-melody.midi
Ludwig van Beethoven,"Rondo a capriccioso ""Rage over a Lost Penny"", Op. 129",test,2018,2018/MIDI-Unprocessed_Recital13-15_MID--AUDIO_14_R1_2018_wav--3.midi,2018/MIDI-Unprocessed_Recital13-15_MID--AUDIO_14_R1_2018_wav--3.wav,359.744565469,2018-melody/MIDI-Unprocessed_Recital13-15_MID--AUDIO_14_R1_2018-melody_wav--3-melody.midi
Ludwig van Beethoven,"Sonata No. 21 in C Major, Op. 53",train,2018,2018/MIDI-Unprocessed_Recital17-19_MID--AUDIO_18_R1_2018_wav--1.midi,2018/MIDI-Unprocessed_Recital17-19_MID--AUDIO_18_R1_2018_wav--1.wav,1306.74014625,2018-melody/MIDI-Unprocessed_Recital17-19_MID--AUDIO_18_R1_2018-melody_wav--1-melody.midi
Ludwig van Beethoven,"Sonata No. 27 in E Minor, Op. 90",validation,2018,2018/MIDI-Unprocessed_Recital4_MID--AUDIO_04_R1_2018_wav--3.midi,2018/MIDI-Unprocessed_Recital4_MID--AUDIO_04_R1_2018_wav--3.wav,760.2770174999999,2018-melody/MIDI-Unprocessed_Recital4_MID--AUDIO_04_R1_2018-melody_wav--3-melody.midi
Ludwig van Beethoven,"Sonata No. 29 in B-flat Major, Op. 106",validation,2018,2018/MIDI-Unprocessed_Recital1-3_MID--AUDIO_02_R1_2018_wav--1.midi,2018/MIDI-Unprocessed_Recital1-3_MID--AUDIO_02_R1_2018_wav--1.wav,2457.80737125,2018-melody/MIDI-Unprocessed_Recital1-3_MID--AUDIO_02_R1_2018-melody_wav--1-melody.midi
Ludwig van Beethoven,"Sonata No. 30 in E Major, Op. 109",train,2018,2018/MIDI-Unprocessed_Recital13-15_MID--AUDIO_14_R1_2018_wav--2.midi,2018/MIDI-Unprocessed_Recital13-15_MID--AUDIO_14_R1_2018_wav--2.wav,1176.40240266,2018-melody/MIDI-Unprocessed_Recital13-15_MID--AUDIO_14_R1_2018-melody_wav--2-melody.midi
Ludwig van Beethoven,"Sonata No. 31 In A-flat Major, Op. 110",train,2018,2018/MIDI-Unprocessed_Recital17-19_MID--AUDIO_19_R1_2018_wav--2.midi,2018/MIDI-Unprocessed_Recital17-19_MID--AUDIO_19_R1_2018_wav--2.wav,1022.54438344,2018-melody/MIDI-Unprocessed_Recital17-19_MID--AUDIO_19_R1_2018-melody_wav--2-melody.midi
Ludwig van Beethoven,"Sonata No. 31 in A-flat Major, Op. 110",train,2018,2018/MIDI-Unprocessed_Recital9-11_MID--AUDIO_10_R1_2018_wav--2.midi,2018/MIDI-Unprocessed_Recital9-11_MID--AUDIO_10_R1_2018_wav--2.wav,1060.72142859,2018-melody/MIDI-Unprocessed_Recital9-11_MID--AUDIO_10_R1_2018-melody_wav--2-melody.midi
Ludwig van Beethoven,"Sonata No. 32 in C minor, Op. 111",train,2018,2018/MIDI-Unprocessed_Recital13-15_MID--AUDIO_15_R1_2018_wav--3.midi,2018/MIDI-Unprocessed_Recital13-15_MID--AUDIO_15_R1_2018_wav--3.wav,1590.10257656,2018-melody/MIDI-Unprocessed_Recital13-15_MID--AUDIO_15_R1_2018-melody_wav--3-melody.midi
Ludwig van Beethoven,"Sonata No. 7 in D Major, Op. 10 No. 3",train,2018,2018/MIDI-Unprocessed_Recital1-3_MID--AUDIO_03_R1_2018_wav--1.midi,2018/MIDI-Unprocessed_Recital1-3_MID--AUDIO_03_R1_2018_wav--1.wav,1254.06391687,2018-melody/MIDI-Unprocessed_Recital1-3_MID--AUDIO_03_R1_2018-melody_wav--1-melody.midi
Ludwig van Beethoven,"Sonata in D Minor, Op. 31 No. 2 ""Tempest""",train,2018,2018/MIDI-Unprocessed_Recital5-7_MID--AUDIO_06_R1_2018_wav--2.midi,2018/MIDI-Unprocessed_Recital5-7_MID--AUDIO_06_R1_2018_wav--2.wav,1451.39945672,2018-melody/MIDI-Unprocessed_Recital5-7_MID--AUDIO_06_R1_2018-melody_wav--2-melody.midi
Ludwig van Beethoven,"Sonata in E Major, Op. 109",train,2018,2018/MIDI-Unprocessed_Recital5-7_MID--AUDIO_05_R1_2018_wav--1.midi,2018/MIDI-Unprocessed_Recital5-7_MID--AUDIO_05_R1_2018_wav--1.wav,1114.77319078,2018-melody/MIDI-Unprocessed_Recital5-7_MID--AUDIO_05_R1_2018-melody_wav--1-melody.midi
Modest Mussorgsky,Pictures at an Exhibition,train,2018,2018/MIDI-Unprocessed_Recital5-7_MID--AUDIO_07_R1_2018_wav--4.midi,2018/MIDI-Unprocessed_Recital5-7_MID--AUDIO_07_R1_2018_wav--4.wav,1823.15789906,2018-melody/MIDI-Unprocessed_Recital5-7_MID--AUDIO_07_R1_2018-melody_wav--4-melody.midi
Modest Mussorgsky,Pictures at an Exhibition,train,2018,2018/MIDI-Unprocessed_Recital8_MID--AUDIO_08_R1_2018_wav--4.midi,2018/MIDI-Unprocessed_Recital8_MID--AUDIO_08_R1_2018_wav--4.wav,1906.30017703,2018-melody/MIDI-Unprocessed_Recital8_MID--AUDIO_08_R1_2018-melody_wav--4-melody.midi
Nikolai Medtner,"Three Fairy Tales ""Skazki"" from Op. 34",train,2018,2018/MIDI-Unprocessed_Recital16_MID--AUDIO_16_R1_2018_wav--2.midi,2018/MIDI-Unprocessed_Recital16_MID--AUDIO_16_R1_2018_wav--2.wav,727.8331396880001,2018-melody/MIDI-Unprocessed_Recital16_MID--AUDIO_16_R1_2018-melody_wav--2-melody.midi
Orlando Gibbons,Pavan,train,2018,2018/MIDI-Unprocessed_Recital13-15_MID--AUDIO_15_R1_2018_wav--2.midi,2018/MIDI-Unprocessed_Recital13-15_MID--AUDIO_15_R1_2018_wav--2.wav,247.900393125,2018-melody/MIDI-Unprocessed_Recital13-15_MID--AUDIO_15_R1_2018-melody_wav--2-melody.midi
Percy Grainger,Ramble on the Last Love - Duet,train,2018,2018/MIDI-Unprocessed_Recital1-3_MID--AUDIO_02_R1_2018_wav--3.midi,2018/MIDI-Unprocessed_Recital1-3_MID--AUDIO_02_R1_2018_wav--3.wav,441.12135375,2018-melody/MIDI-Unprocessed_Recital1-3_MID--AUDIO_02_R1_2018-melody_wav--3-melody.midi
Robert Schumann,"Carnaval, Op. 9",train,2018,2018/MIDI-Unprocessed_Recital13-15_MID--AUDIO_15_R1_2018_wav--4.midi,2018/MIDI-Unprocessed_Recital13-15_MID--AUDIO_15_R1_2018_wav--4.wav,1522.04575359,2018-melody/MIDI-Unprocessed_Recital13-15_MID--AUDIO_15_R1_2018-melody_wav--4-melody.midi
Robert Schumann,Fantasie Op. 17,train,2018,2018/MIDI-Unprocessed_Recital9-11_MID--AUDIO_11_R1_2018_wav--5.midi,2018/MIDI-Unprocessed_Recital9-11_MID--AUDIO_11_R1_2018_wav--5.wav,1885.56836016,2018-melody/MIDI-Unprocessed_Recital9-11_MID--AUDIO_11_R1_2018-melody_wav--5-melody.midi
Robert Schumann,Fantasie Op. 17,train,2018,2018/MIDI-Unprocessed_Recital17-19_MID--AUDIO_17_R1_2018_wav--4.midi,2018/MIDI-Unprocessed_Recital17-19_MID--AUDIO_17_R1_2018_wav--4.wav,1894.08063797,2018-melody/MIDI-Unprocessed_Recital17-19_MID--AUDIO_17_R1_2018-melody_wav--4-melody.midi
Robert Schumann,"Fantasy in C Major, Op. 17",train,2018,2018/MIDI-Unprocessed_Recital1-3_MID--AUDIO_03_R1_2018_wav--2.midi,2018/MIDI-Unprocessed_Recital1-3_MID--AUDIO_03_R1_2018_wav--2.wav,2028.95630437,2018-melody/MIDI-Unprocessed_Recital1-3_MID--AUDIO_03_R1_2018-melody_wav--2-melody.midi
Robert Schumann,"Sonata No. 2 in G Minor, Op. 22",validation,2018,2018/MIDI-Unprocessed_Recital4_MID--AUDIO_04_R1_2018_wav--4.midi,2018/MIDI-Unprocessed_Recital4_MID--AUDIO_04_R1_2018_wav--4.wav,976.820604375,2018-melody/MIDI-Unprocessed_Recital4_MID--AUDIO_04_R1_2018-melody_wav--4-melody.midi
Robert Schumann,Symphonic Etudes Op. 13,train,2018,2018/MIDI-Unprocessed_Recital13-15_MID--AUDIO_13_R1_2018_wav--2.midi,2018/MIDI-Unprocessed_Recital13-15_MID--AUDIO_13_R1_2018_wav--2.wav,1526.65579172,2018-melody/MIDI-Unprocessed_Recital13-15_MID--AUDIO_13_R1_2018-melody_wav--2-melody.midi
Robert Schumann,Symphonic Etudes Op. 13 (with Posthumous variations),train,2018,2018/MIDI-Unprocessed_Recital20_MID--AUDIO_20_R1_2018_wav--4.midi,2018/MIDI-Unprocessed_Recital20_MID--AUDIO_20_R1_2018_wav--4.wav,2096.39614078,2018-melody/MIDI-Unprocessed_Recital20_MID--AUDIO_20_R1_2018-melody_wav--4-melody.midi
Sergei Rachmaninoff,Etude Tableau Op. 39 No. 5,test,2018,2018/MIDI-Unprocessed_Recital17-19_MID--AUDIO_17_R1_2018_wav--2.midi,2018/MIDI-Unprocessed_Recital17-19_MID--AUDIO_17_R1_2018_wav--2.wav,291.913436719,2018-melody/MIDI-Unprocessed_Recital17-19_MID--AUDIO_17_R1_2018-melody_wav--2-melody.midi
Sergei Rachmaninoff,Etudes-Tableaux Op. 33,validation,2018,2018/MIDI-Unprocessed_Recital5-7_MID--AUDIO_05_R1_2018_wav--3.midi,2018/MIDI-Unprocessed_Recital5-7_MID--AUDIO_05_R1_2018_wav--3.wav,1355.37791813,2018-melody/MIDI-Unprocessed_Recital5-7_MID--AUDIO_05_R1_2018-melody_wav--3-melody.midi
Sergei Rachmaninoff,"Moment Musicaux, Op. 16 No. 3 in B Minor",train,2018,2018/MIDI-Unprocessed_Recital1-3_MID--AUDIO_03_R1_2018_wav--4.midi,2018/MIDI-Unprocessed_Recital1-3_MID--AUDIO_03_R1_2018_wav--4.wav,256.500811875,2018-melody/MIDI-Unprocessed_Recital1-3_MID--AUDIO_03_R1_2018-melody_wav--4-melody.midi
Sergei Rachmaninoff,"Moment Musicaux, Op. 16 No. 4 in E Minor",train,2018,2018/MIDI-Unprocessed_Recital1-3_MID--AUDIO_03_R1_2018_wav--5.midi,2018/MIDI-Unprocessed_Recital1-3_MID--AUDIO_03_R1_2018_wav--5.wav,164.338777969,2018-melody/MIDI-Unprocessed_Recital1-3_MID--AUDIO_03_R1_2018-melody_wav--5-melody.midi
Sergei Rachmaninoff,Prelude Op. 3 No. 2 in C-sharp Minor,validation,2018,2018/MIDI-Unprocessed_Recital17-19_MID--AUDIO_19_R1_2018_wav--5.midi,2018/MIDI-Unprocessed_Recital17-19_MID--AUDIO_19_R1_2018_wav--5.wav,239.852858438,2018-melody/MIDI-Unprocessed_Recital17-19_MID--AUDIO_19_R1_2018-melody_wav--5-melody.midi
Sergei Rachmaninoff,"Preludes Op. 23, Nos. 2, 4 and 5",train,2018,2018/MIDI-Unprocessed_Recital17-19_MID--AUDIO_19_R1_2018_wav--6.midi,2018/MIDI-Unprocessed_Recital17-19_MID--AUDIO_19_R1_2018_wav--6.wav,700.402611563,2018-melody/MIDI-Unprocessed_Recital17-19_MID--AUDIO_19_R1_2018-melody_wav--6-melody.midi
Wolfgang Amadeus Mozart,"Nine variations on a minuet by Duport, K537",train,2018,2018/MIDI-Unprocessed_Chamber2_MID--AUDIO_09_R3_2018_wav--1.midi,2018/MIDI-Unprocessed_Chamber2_MID--AUDIO_09_R3_2018_wav--1.wav,581.409675,2018-melody/MIDI-Unprocessed_Chamber2_MID--AUDIO_09_R3_2018-melody_wav--1-melody.midi
Wolfgang Amadeus Mozart,"Sonata in C Minor, K. 457",train,2018,2018/MIDI-Unprocessed_Recital13-15_MID--AUDIO_13_R1_2018_wav--1.midi,2018/MIDI-Unprocessed_Recital13-15_MID--AUDIO_13_R1_2018_wav--1.wav,1070.4476475,2018-melody/MIDI-Unprocessed_Recital13-15_MID--AUDIO_13_R1_2018-melody_wav--1-melody.midi
Wolfgang Amadeus Mozart,Sonata in D Major K576,train,2018,2018/MIDI-Unprocessed_Recital12_MID--AUDIO_12_R1_2018_wav--1.midi,2018/MIDI-Unprocessed_Recital12_MID--AUDIO_12_R1_2018_wav--1.wav,803.47141875,2018-melody/MIDI-Unprocessed_Recital12_MID--AUDIO_12_R1_2018-melody_wav--1-melody.midi
Wolfgang Amadeus Mozart,"Sonata in F Major, K533/K494",validation,2018,2018/MIDI-Unprocessed_Recital17-19_MID--AUDIO_17_R1_2018_wav--3.midi,2018/MIDI-Unprocessed_Recital17-19_MID--AUDIO_17_R1_2018_wav--3.wav,1068.75160219,2018-melody/MIDI-Unprocessed_Recital17-19_MID--AUDIO_17_R1_2018-melody_wav--3-melody.midi
